Workbook

Sheet Overview
A1: Ad Spend & Budget Performance Analytics
A2: Self-directed practice project | Satyanarayan Naldiga | Built to demonstrate FP&A + marketing analytics skills
A4: Purpose | B4: Simulates the core deliverables of a Corporate FP&A / Marketing Finance analyst role: monthly budget-to-actual variance tracking, cost-center forecasting, and advertising channel performance analysis (CPC, CTR, ROAS, CPA).
A6: Scope | B6: 6-month period (Jan-Jun 2026) across 4 cost categories (Headcount, Media/Ad Spend, Programs, Tools & Licensing) and 4 digital ad channels (Search, Social, Display, Video).
A8: Data source | B8: Figures are illustrative/synthetic, built to reflect realistic mid-market SaaS/e-commerce marketing budget and industry-average ad performance benchmarks (CTR, CVR ranges sourced from published 2025-2026 digital advertising benchmark reports). No real company or confidential data was used.
A10: Tools used | B10: Excel formulas (SUMIFS, INDEX/MATCH, IFERROR), conditional formatting for variance flags, and chart-based dashboarding.
A12: How to read it | B12: Blue text = hardcoded input/assumption. Black text = formula. Green text = link to another sheet. Yellow fill = key assumption cell.
A14: Sheets | B14: 1) Overview 2) Budget vs Actual 3) Ad Channel Performance 4) Dashboard

Sheet Budget vs Actual
A1: Monthly Budget vs. Actual — Variance Analysis
A2: All figures in USD ($000s) | Flag threshold: ±10% variance
A4: Cost Category | B4: Month | C4: Budget ($000s) | D4: Actual ($000s) | E4: Variance ($000s) | F4: Variance % | G4: Flag
A5: Headcount | B5: Jan-26 | C5: 420 | D5: 431 | E5: =D5-C5 -> 11 | F5: =IFERROR(E5/C5,0) -> 0.026190476 | G5: =IF(ABS(F5)>=0.1,"REVIEW","OK") -> OK
A6: Headcount | B6: Feb-26 | C6: 420 | D6: 415 | E6: =D6-C6 -> -5 | F6: =IFERROR(E6/C6,0) -> -0.011904762 | G6: =IF(ABS(F6)>=0.1,"REVIEW","OK") -> OK
A7: Headcount | B7: Mar-26 | C7: 445 | D7: 460 | E7: =D7-C7 -> 15 | F7: =IFERROR(E7/C7,0) -> 0.033707865 | G7: =IF(ABS(F7)>=0.1,"REVIEW","OK") -> OK
A8: Headcount | B8: Apr-26 | C8: 445 | D8: 447 | E8: =D8-C8 -> 2 | F8: =IFERROR(E8/C8,0) -> 0.004494382 | G8: =IF(ABS(F8)>=0.1,"REVIEW","OK") -> OK
A9: Headcount | B9: May-26 | C9: 445 | D9: 468 | E9: =D9-C9 -> 23 | F9: =IFERROR(E9/C9,0) -> 0.051685393 | G9: =IF(ABS(F9)>=0.1,"REVIEW","OK") -> OK
A10: Headcount | B10: Jun-26 | C10: 470 | D10: 466 | E10: =D10-C10 -> -4 | F10: =IFERROR(E10/C10,0) -> -0.0085106383 | G10: =IF(ABS(F10)>=0.1,"REVIEW","OK") -> OK
A11: Media / Ad Spend | B11: Jan-26 | C11: 300 | D11: 322 | E11: =D11-C11 -> 22 | F11: =IFERROR(E11/C11,0) -> 0.073333333 | G11: =IF(ABS(F11)>=0.1,"REVIEW","OK") -> OK
A12: Media / Ad Spend | B12: Feb-26 | C12: 300 | D12: 289 | E12: =D12-C12 -> -11 | F12: =IFERROR(E12/C12,0) -> -0.036666667 | G12: =IF(ABS(F12)>=0.1,"REVIEW","OK") -> OK
A13: Media / Ad Spend | B13: Mar-26 | C13: 330 | D13: 355 | E13: =D13-C13 -> 25 | F13: =IFERROR(E13/C13,0) -> 0.075757576 | G13: =IF(ABS(F13)>=0.1,"REVIEW","OK") -> OK
A14: Media / Ad Spend | B14: Apr-26 | C14: 330 | D14: 341 | E14: =D14-C14 -> 11 | F14: =IFERROR(E14/C14,0) -> 0.033333333 | G14: =IF(ABS(F14)>=0.1,"REVIEW","OK") -> OK
A15: Media / Ad Spend | B15: May-26 | C15: 350 | D15: 388 | E15: =D15-C15 -> 38 | F15: =IFERROR(E15/C15,0) -> 0.10857143 | G15: =IF(ABS(F15)>=0.1,"REVIEW","OK") -> REVIEW
A16: Media / Ad Spend | B16: Jun-26 | C16: 350 | D16: 349 | E16: =D16-C16 -> -1 | F16: =IFERROR(E16/C16,0) -> -0.0028571429 | G16: =IF(ABS(F16)>=0.1,"REVIEW","OK") -> OK
... A28: Tools & Licensing | B28: Jun-26 | C28: 30 | D28: 29 | E28: =D28-C28 -> -1 | F28: =IFERROR(E28/C28,0) -> -0.033333333 | G28: =IF(ABS(F28)>=0.1,"REVIEW","OK") -> OK
A29: TOTAL | B29: All Months | C29: =SUM(C5:C28) -> 5159 | D29: =SUM(D5:D28) -> 5314 | E29: =D29-C29 -> 155 | F29: =IFERROR(E29/C29,0) -> 0.030044582
A32: Summary by Category
A33: Cost Category | B33: Total Budget | C33: Total Actual | D33: Variance $ | E33: Variance %
A34: Headcount | B34: =SUMIFS(C5:C28,A5:A28,A34) -> 2645 | C34: =SUMIFS(D5:D28,A5:A28,A34) -> 2687 | D34: =C34-B34 -> 42 | E34: =IFERROR(D34/B34,0) -> 0.015879017
A35: Media / Ad Spend | B35: =SUMIFS(C5:C28,A5:A28,A35) -> 1960 | C35: =SUMIFS(D5:D28,A5:A28,A35) -> 2044 | D35: =C35-B35 -> 84 | E35: =IFERROR(D35/B35,0) -> 0.042857143
A36: Programs | B36: =SUMIFS(C5:C28,A5:A28,A36) -> 390 | C36: =SUMIFS(D5:D28,A5:A28,A36) -> 419 | D36: =C36-B36 -> 29 | E36: =IFERROR(D36/B36,0) -> 0.074358974
A37: Tools & Licensing | B37: =SUMIFS(C5:C28,A5:A28,A37) -> 164 | C37: =SUMIFS(D5:D28,A5:A28,A37) -> 164 | D37: =C37-B37 -> 0 | E37: =IFERROR(D37/B37,0) -> 0

Sheet Ad Channel Performance
A1: Digital Ad Channel Performance — Efficiency Metrics
A2: Spend/Revenue in USD ($000s) | CTR/CVR benchmarks based on 2025-2026 industry averages
A4: Month | B4: Channel | C4: Spend ($000s) | D4: Impressions (000s) | E4: Clicks (000s) | F4: Conversions | G4: Revenue ($000s) | H4: CTR | I4: CPC ($) | J4: CVR | K4: ROAS
A5: Jan-26 | B5: Search | C5: 120 | D5: 2400 | E5: 96 | F5: 780 | G5: 410 | H5: =IFERROR(E5/D5,0) -> 0.04 | I5: =IFERROR(C5/E5,0) -> 1.25 | J5: =IFERROR(F5/(E5*1000),0) -> 0.008125 | K5: =IFERROR(G5/C5,0) -> 3.4166667
A6: Feb-26 | B6: Search | C6: 110 | D6: 2250 | E6: 88 | F6: 710 | G6: 375 | H6: =IFERROR(E6/D6,0) -> 0.039111111 | I6: =IFERROR(C6/E6,0) -> 1.25 | J6: =IFERROR(F6/(E6*1000),0) -> 0.0080681818 | K6: =IFERROR(G6/C6,0) -> 3.4090909
A7: Mar-26 | B7: Search | C7: 135 | D7: 2700 | E7: 106 | F7: 860 | G7: 460 | H7: =IFERROR(E7/D7,0) -> 0.039259259 | I7: =IFERROR(C7/E7,0) -> 1.2735849 | J7: =IFERROR(F7/(E7*1000),0) -> 0.0081132075 | K7: =IFERROR(G7/C7,0) -> 3.4074074
A8: Apr-26 | B8: Search | C8: 130 | D8: 2600 | E8: 101 | F8: 830 | G8: 445 | H8: =IFERROR(E8/D8,0) -> 0.038846154 | I8: =IFERROR(C8/E8,0) -> 1.2871287 | J8: =IFERROR(F8/(E8*1000),0) -> 0.0082178218 | K8: =IFERROR(G8/C8,0) -> 3.4230769
A9: May-26 | B9: Search | C9: 145 | D9: 2850 | E9: 112 | F9: 905 | G9: 505 | H9: =IFERROR(E9/D9,0) -> 0.039298246 | I9: =IFERROR(C9/E9,0) -> 1.2946429 | J9: =IFERROR(F9/(E9*1000),0) -> 0.0080803571 | K9: =IFERROR(G9/C9,0) -> 3.4827586
A10: Jun-26 | B10: Search | C10: 140 | D10: 2790 | E10: 109 | F10: 890 | G10: 495 | H10: =IFERROR(E10/D10,0) -> 0.0390681 | I10: =IFERROR(C10/E10,0) -> 1.2844037 | J10: =IFERROR(F10/(E10*1000),0) -> 0.0081651376 | K10: =IFERROR(G10/C10,0) -> 3.5357143
A11: Jan-26 | B11: Social | C11: 90 | D11: 3600 | E11: 72 | F11: 430 | G11: 260 | H11: =IFERROR(E11/D11,0) -> 0.02 | I11: =IFERROR(C11/E11,0) -> 1.25 | J11: =IFERROR(F11/(E11*1000),0) -> 0.0059722222 | K11: =IFERROR(G11/C11,0) -> 2.8888889
A12: Feb-26 | B12: Social | C12: 85 | D12: 3400 | E12: 68 | F12: 400 | G12: 240 | H12: =IFERROR(E12/D12,0) -> 0.02 | I12: =IFERROR(C12/E12,0) -> 1.25 | J12: =IFERROR(F12/(E12*1000),0) -> 0.0058823529 | K12: =IFERROR(G12/C12,0) -> 2.8235294
A13: Mar-26 | B13: Social | C13: 100 | D13: 4000 | E13: 80 | F13: 470 | G13: 290 | H13: =IFERROR(E13/D13,0) -> 0.02 | I13: =IFERROR(C13/E13,0) -> 1.25 | J13: =IFERROR(F13/(E13*1000),0) -> 0.005875 | K13: =IFERROR(G13/C13,0) -> 2.9
A14: Apr-26 | B14: Social | C14: 98 | D14: 3900 | E14: 78 | F14: 460 | G14: 285 | H14: =IFERROR(E14/D14,0) -> 0.02 | I14: =IFERROR(C14/E14,0) -> 1.2564103 | J14: =IFERROR(F14/(E14*1000),0) -> 0.0058974359 | K14: =IFERROR(G14/C14,0) -> 2.9081633
A15: May-26 | B15: Social | C15: 112 | D15: 4450 | E15: 89 | F15: 520 | G15: 330 | H15: =IFERROR(E15/D15,0) -> 0.02 | I15: =IFERROR(C15/E15,0) -> 1.258427 | J15: =IFERROR(F15/(E15*1000),0) -> 0.0058426966 | K15: =IFERROR(G15/C15,0) -> 2.9464286
A16: Jun-26 | B16: Social | C16: 108 | D16: 4300 | E16: 86 | F16: 505 | G16: 320 | H16: =IFERROR(E16/D16,0) -> 0.02 | I16: =IFERROR(C16/E16,0) -> 1.255814 | J16: =IFERROR(F16/(E16*1000),0) -> 0.005872093 | K16: =IFERROR(G16/C16,0) -> 2.962963
... A28: Jun-26 | B28: Video | C28: 39 | D28: 2400 | E28: 24 | F28: 108 | G28: 71 | H28: =IFERROR(E28/D28,0) -> 0.01 | I28: =IFERROR(C28/E28,0) -> 1.625 | J28: =IFERROR(F28/(E28*1000),0) -> 0.0045 | K28: =IFERROR(G28/C28,0) -> 1.8205128
A31: Summary by Channel (6-Month Total / Avg)
A32: Channel | B32: Total Spend | C32: Total Revenue | D32: Blended ROAS | E32: Avg CTR | F32: Avg CPC
A33: Search | B33: =SUMIFS(C5:C28,B5:B28,A33) -> 780 | C33: =SUMIFS(G5:G28,B5:B28,A33) -> 2690 | D33: =IFERROR(C33/B33,0) -> 3.4487179 | E33: =IFERROR(SUMIFS(E5:E28,B5:B28,A33)/SUMIFS(D5:D28,B5:B28,A33),0) -> 0.039255933 | F33: =IFERROR(B33/SUMIFS(E5:E28,B5:B28,A33),0) -> 1.2745098
A34: Social | B34: =SUMIFS(C5:C28,B5:B28,A34) -> 593 | C34: =SUMIFS(G5:G28,B5:B28,A34) -> 1725 | D34: =IFERROR(C34/B34,0) -> 2.9089376 | E34: =IFERROR(SUMIFS(E5:E28,B5:B28,A34)/SUMIFS(D5:D28,B5:B28,A34),0) -> 0.02 | F34: =IFERROR(B34/SUMIFS(E5:E28,B5:B28,A34),0) -> 1.2536998
A35: Display | B35: =SUMIFS(C5:C28,B5:B28,A35) -> 348 | C35: =SUMIFS(G5:G28,B5:B28,A35) -> 596 | D35: =IFERROR(C35/B35,0) -> 1.7126437 | E35: =IFERROR(SUMIFS(E5:E28,B5:B28,A35)/SUMIFS(D5:D28,B5:B28,A35),0) -> 0.0060057471 | F35: =IFERROR(B35/SUMIFS(E5:E28,B5:B28,A35),0) -> 1.6650718
A36: Video | B36: =SUMIFS(C5:C28,B5:B28,A36) -> 221 | C36: =SUMIFS(G5:G28,B5:B28,A36) -> 397 | D36: =IFERROR(C36/B36,0) -> 1.7963801 | E36: =IFERROR(SUMIFS(E5:E28,B5:B28,A36)/SUMIFS(D5:D28,B5:B28,A36),0) -> 0.0099628253 | F36: =IFERROR(B36/SUMIFS(E5:E28,B5:B28,A36),0) -> 1.6492537

Sheet Dashboard
A1: Executive Dashboard — Budget & Ad Performance Summary
A2: Jan-Jun 2026 | Auto-linked to Budget vs Actual and Ad Channel Performance tabs
A4: KEY METRICS
A5: Total Budget | B5: ='Budget vs Actual'!C29 -> 5159
A6: Total Actual | B6: ='Budget vs Actual'!D29 -> 5314
A7: Total Variance | B7: ='Budget vs Actual'!E29 -> 155
A8: Variance % | B8: ='Budget vs Actual'!F29 -> 0.030044582
A9: Total Ad Spend | B9: =SUM('Ad Channel Performance'!B33:B36) -> 1942
A10: Total Ad Revenue | B10: =SUM('Ad Channel Performance'!C33:C36) -> 5408
A11: Blended ROAS | B11: =IFERROR(B10/B9,0) -> 2.784758
A14: Monthly Ad Spend by Channel ($000s) — helper table for chart
A15: Month | B15: Search | C15: Social | D15: Display | E15: Video
A16: Jan-26 | B16: =SUMIFS('Ad Channel Performance'!C5:C28,'Ad Channel Performance'!B5:B28,B$15,'Ad Channel Performance'!A5:A28,$A16) -> 120 | C16: =SUMIFS('Ad Channel Performance'!C5:C28,'Ad Channel Performance'!B5:B28,C$15,'Ad Channel Performance'!A5:A28,$A16) -> 90 | D16: =SUMIFS('Ad Channel Performance'!C5:C28,'Ad Channel Performance'!B5:B28,D$15,'Ad Channel Performance'!A5:A28,$A16) -> 55 | E16: =SUMIFS('Ad Channel Performance'!C5:C28,'Ad Channel Performance'!B5:B28,E$15,'Ad Channel Performance'!A5:A28,$A16) -> 35
A17: Feb-26 | B17: =SUMIFS('Ad Channel Performance'!C5:C28,'Ad Channel Performance'!B5:B28,B$15,'Ad Channel Performance'!A5:A28,$A17) -> 110 | C17: =SUMIFS('Ad Channel Performance'!C5:C28,'Ad Channel Performance'!B5:B28,C$15,'Ad Channel Performance'!A5:A28,$A17) -> 85 | D17: =SUMIFS('Ad Channel Performance'!C5:C28,'Ad Channel Performance'!B5:B28,D$15,'Ad Channel Performance'!A5:A28,$A17) -> 52 | E17: =SUMIFS('Ad Channel Performance'!C5:C28,'Ad Channel Performance'!B5:B28,E$15,'Ad Channel Performance'!A5:A28,$A17) -> 32
A18: Mar-26 | B18: =SUMIFS('Ad Channel Performance'!C5:C28,'Ad Channel Performance'!B5:B28,B$15,'Ad Channel Performance'!A5:A28,$A18) -> 135 | C18: =SUMIFS('Ad Channel Performance'!C5:C28,'Ad Channel Performance'!B5:B28,C$15,'Ad Channel Performance'!A5:A28,$A18) -> 100 | D18: =SUMIFS('Ad Channel Performance'!C5:C28,'Ad Channel Performance'!B5:B28,D$15,'Ad Channel Performance'!A5:A28,$A18) -> 60 | E18: =SUMIFS('Ad Channel Performance'!C5:C28,'Ad Channel Performance'!B5:B28,E$15,'Ad Channel Performance'!A5:A28,$A18) -> 38
A19: Apr-26 | B19: =SUMIFS('Ad Channel Performance'!C5:C28,'Ad Channel Performance'!B5:B28,B$15,'Ad Channel Performance'!A5:A28,$A19) -> 130 | C19: =SUMIFS('Ad Channel Performance'!C5:C28,'Ad Channel Performance'!B5:B28,C$15,'Ad Channel Performance'!A5:A28,$A19) -> 98 | D19: =SUMIFS('Ad Channel Performance'!C5:C28,'Ad Channel Performance'!B5:B28,D$15,'Ad Channel Performance'!A5:A28,$A19) -> 58 | E19: =SUMIFS('Ad Channel Performance'!C5:C28,'Ad Channel Performance'!B5:B28,E$15,'Ad Channel Performance'!A5:A28,$A19) -> 36
A20: May-26 | B20: =SUMIFS('Ad Channel Performance'!C5:C28,'Ad Channel Performance'!B5:B28,B$15,'Ad Channel Performance'!A5:A28,$A20) -> 145 | C20: =SUMIFS('Ad Channel Performance'!C5:C28,'Ad Channel Performance'!B5:B28,C$15,'Ad Channel Performance'!A5:A28,$A20) -> 112 | D20: =SUMIFS('Ad Channel Performance'!C5:C28,'Ad Channel Performance'!B5:B28,D$15,'Ad Channel Performance'!A5:A28,$A20) -> 63 | E20: =SUMIFS('Ad Channel Performance'!C5:C28,'Ad Channel Performance'!B5:B28,E$15,'Ad Channel Performance'!A5:A28,$A20) -> 41
A21: Jun-26 | B21: =SUMIFS('Ad Channel Performance'!C5:C28,'Ad Channel Performance'!B5:B28,B$15,'Ad Channel Performance'!A5:A28,$A21) -> 140 | C21: =SUMIFS('Ad Channel Performance'!C5:C28,'Ad Channel Performance'!B5:B28,C$15,'Ad Channel Performance'!A5:A28,$A21) -> 108 | D21: =SUMIFS('Ad Channel Performance'!C5:C28,'Ad Channel Performance'!B5:B28,D$15,'Ad Channel Performance'!A5:A28,$A21) -> 60 | E21: =SUMIFS('Ad Channel Performance'!C5:C28,'Ad Channel Performance'!B5:B28,E$15,'Ad Channel Performance'!A5:A28,$A21) -> 39
